[
{
   "model": "quiz.exam",
   "pk": 1,
   "fields": {
      "create_timestamp": "2022-11-14T15:47:10.752Z",
      "update_timestamp": "2022-11-14T17:28:11.287Z",
      "uuid": "31572529-a617-4068-8d54-25cd7d7cfe76",
      "title": "Basic Math",
      "description": "Basic math test for beginners.",
      "level": 0
   }
},
{
   "model": "quiz.exam",
   "pk": 2,
   "fields": {
      "create_timestamp": "2022-11-14T17:35:05.331Z",
      "update_timestamp": "2022-11-14T17:35:05.331Z",
      "uuid": "60869db0-7f74-43ce-a739-960981e207f5",
      "title": "Middle Math",
      "description": "Middle math test.",
      "level": 1
   }
},
{
   "model": "quiz.question",
   "pk": 4,
   "fields": {
      "create_timestamp": "2022-11-14T17:05:10.853Z",
      "update_timestamp": "2022-11-14T17:29:25.329Z",
      "exam": 1,
      "order_num": 2,
      "text": "2+2",
      "image": ""
   }
},
{
   "model": "quiz.question",
   "pk": 5,
   "fields": {
      "create_timestamp": "2022-11-14T17:05:10.854Z",
      "update_timestamp": "2022-11-14T17:29:47.953Z",
      "exam": 1,
      "order_num": 3,
      "text": "3+3",
      "image": ""
   }
},
{
   "model": "quiz.question",
   "pk": 6,
   "fields": {
      "create_timestamp": "2022-11-14T17:05:10.854Z",
      "update_timestamp": "2022-11-14T17:30:35.395Z",
      "exam": 1,
      "order_num": 4,
      "text": "4+4",
      "image": ""
   }
},
{
   "model": "quiz.question",
   "pk": 7,
   "fields": {
      "create_timestamp": "2022-11-14T17:28:00.707Z",
      "update_timestamp": "2022-11-14T17:29:07.883Z",
      "exam": 1,
      "order_num": 1,
      "text": "1+1",
      "image": ""
   }
},
{
   "model": "quiz.question",
   "pk": 8,
   "fields": {
      "create_timestamp": "2022-11-14T17:28:00.708Z",
      "update_timestamp": "2022-11-14T17:31:32.671Z",
      "exam": 1,
      "order_num": 5,
      "text": "5+5",
      "image": ""
   }
},
{
   "model": "quiz.question",
   "pk": 9,
   "fields": {
      "create_timestamp": "2022-11-14T17:28:00.708Z",
      "update_timestamp": "2022-11-14T17:31:57.407Z",
      "exam": 1,
      "order_num": 6,
      "text": "6+6",
      "image": ""
   }
},
{
   "model": "quiz.question",
   "pk": 10,
   "fields": {
      "create_timestamp": "2022-11-14T17:28:00.709Z",
      "update_timestamp": "2022-11-14T17:32:14.864Z",
      "exam": 1,
      "order_num": 7,
      "text": "7+7",
      "image": ""
   }
},
{
   "model": "quiz.question",
   "pk": 11,
   "fields": {
      "create_timestamp": "2022-11-14T17:28:00.709Z",
      "update_timestamp": "2022-11-14T17:32:30.094Z",
      "exam": 1,
      "order_num": 8,
      "text": "8+8",
      "image": ""
   }
},
{
   "model": "quiz.question",
   "pk": 12,
   "fields": {
      "create_timestamp": "2022-11-14T17:28:00.709Z",
      "update_timestamp": "2022-11-14T17:33:07.374Z",
      "exam": 1,
      "order_num": 9,
      "text": "9+9",
      "image": ""
   }
},
{
   "model": "quiz.question",
   "pk": 13,
   "fields": {
      "create_timestamp": "2022-11-14T17:28:00.709Z",
      "update_timestamp": "2022-11-14T17:33:30.056Z",
      "exam": 1,
      "order_num": 10,
      "text": "10+10",
      "image": ""
   }
},
{
   "model": "quiz.question",
   "pk": 14,
   "fields": {
      "create_timestamp": "2022-11-14T17:35:05.333Z",
      "update_timestamp": "2022-11-14T17:35:31.647Z",
      "exam": 2,
      "order_num": 1,
      "text": "1*1",
      "image": ""
   }
},
{
   "model": "quiz.question",
   "pk": 15,
   "fields": {
      "create_timestamp": "2022-11-14T17:35:05.334Z",
      "update_timestamp": "2022-11-14T17:35:46.934Z",
      "exam": 2,
      "order_num": 2,
      "text": "2*2",
      "image": ""
   }
},
{
   "model": "quiz.question",
   "pk": 16,
   "fields": {
      "create_timestamp": "2022-11-14T17:35:05.334Z",
      "update_timestamp": "2022-11-14T17:36:01.092Z",
      "exam": 2,
      "order_num": 3,
      "text": "3*3",
      "image": ""
   }
},
{
   "model": "quiz.question",
   "pk": 17,
   "fields": {
      "create_timestamp": "2022-11-14T17:35:05.334Z",
      "update_timestamp": "2022-11-14T17:36:28.398Z",
      "exam": 2,
      "order_num": 4,
      "text": "4*4",
      "image": ""
   }
},
{
   "model": "quiz.question",
   "pk": 18,
   "fields": {
      "create_timestamp": "2022-11-14T17:35:05.335Z",
      "update_timestamp": "2022-11-14T17:36:47.459Z",
      "exam": 2,
      "order_num": 5,
      "text": "5*5",
      "image": ""
   }
},
{
   "model": "quiz.question",
   "pk": 19,
   "fields": {
      "create_timestamp": "2022-11-14T17:35:05.335Z",
      "update_timestamp": "2022-11-14T17:37:09.166Z",
      "exam": 2,
      "order_num": 6,
      "text": "6*6",
      "image": ""
   }
},
{
   "model": "quiz.question",
   "pk": 20,
   "fields": {
      "create_timestamp": "2022-11-14T17:35:05.336Z",
      "update_timestamp": "2022-11-14T17:37:48.300Z",
      "exam": 2,
      "order_num": 7,
      "text": "7*7",
      "image": ""
   }
},
{
   "model": "quiz.question",
   "pk": 21,
   "fields": {
      "create_timestamp": "2022-11-14T17:35:05.337Z",
      "update_timestamp": "2022-11-14T17:38:43.476Z",
      "exam": 2,
      "order_num": 8,
      "text": "8*8",
      "image": ""
   }
},
{
   "model": "quiz.question",
   "pk": 22,
   "fields": {
      "create_timestamp": "2022-11-14T17:35:05.338Z",
      "update_timestamp": "2022-11-14T17:39:01.093Z",
      "exam": 2,
      "order_num": 9,
      "text": "9*9",
      "image": ""
   }
},
{
   "model": "quiz.question",
   "pk": 23,
   "fields": {
      "create_timestamp": "2022-11-14T17:35:05.339Z",
      "update_timestamp": "2022-11-14T17:39:22.930Z",
      "exam": 2,
      "order_num": 10,
      "text": "10*10",
      "image": ""
   }
},
{
   "model": "quiz.choice",
   "pk": 1,
   "fields": {
      "create_timestamp": "2022-11-14T17:29:07.886Z",
      "update_timestamp": "2022-11-14T17:29:07.886Z",
      "question": 7,
      "text": "1",
      "is_correct": false
   }
},
{
   "model": "quiz.choice",
   "pk": 2,
   "fields": {
      "create_timestamp": "2022-11-14T17:29:07.886Z",
      "update_timestamp": "2022-11-14T17:29:07.886Z",
      "question": 7,
      "text": "2",
      "is_correct": true
   }
},
{
   "model": "quiz.choice",
   "pk": 3,
   "fields": {
      "create_timestamp": "2022-11-14T17:29:07.887Z",
      "update_timestamp": "2022-11-14T17:29:07.887Z",
      "question": 7,
      "text": "3",
      "is_correct": false
   }
},
{
   "model": "quiz.choice",
   "pk": 4,
   "fields": {
      "create_timestamp": "2022-11-14T17:29:07.887Z",
      "update_timestamp": "2022-11-14T17:29:07.887Z",
      "question": 7,
      "text": "4",
      "is_correct": false
   }
},
{
   "model": "quiz.choice",
   "pk": 5,
   "fields": {
      "create_timestamp": "2022-11-14T17:29:25.331Z",
      "update_timestamp": "2022-11-14T17:29:25.331Z",
      "question": 4,
      "text": "1",
      "is_correct": false
   }
},
{
   "model": "quiz.choice",
   "pk": 6,
   "fields": {
      "create_timestamp": "2022-11-14T17:29:25.332Z",
      "update_timestamp": "2022-11-14T17:29:25.332Z",
      "question": 4,
      "text": "2",
      "is_correct": false
   }
},
{
   "model": "quiz.choice",
   "pk": 7,
   "fields": {
      "create_timestamp": "2022-11-14T17:29:25.332Z",
      "update_timestamp": "2022-11-14T17:29:25.332Z",
      "question": 4,
      "text": "3",
      "is_correct": false
   }
},
{
   "model": "quiz.choice",
   "pk": 8,
   "fields": {
      "create_timestamp": "2022-11-14T17:29:25.333Z",
      "update_timestamp": "2022-11-14T17:29:25.333Z",
      "question": 4,
      "text": "4",
      "is_correct": true
   }
},
{
   "model": "quiz.choice",
   "pk": 9,
   "fields": {
      "create_timestamp": "2022-11-14T17:29:47.955Z",
      "update_timestamp": "2022-11-14T17:29:47.955Z",
      "question": 5,
      "text": "4",
      "is_correct": false
   }
},
{
   "model": "quiz.choice",
   "pk": 10,
   "fields": {
      "create_timestamp": "2022-11-14T17:29:47.956Z",
      "update_timestamp": "2022-11-14T17:29:47.956Z",
      "question": 5,
      "text": "5",
      "is_correct": false
   }
},
{
   "model": "quiz.choice",
   "pk": 11,
   "fields": {
      "create_timestamp": "2022-11-14T17:29:47.956Z",
      "update_timestamp": "2022-11-14T17:29:47.956Z",
      "question": 5,
      "text": "6",
      "is_correct": true
   }
},
{
   "model": "quiz.choice",
   "pk": 12,
   "fields": {
      "create_timestamp": "2022-11-14T17:29:47.956Z",
      "update_timestamp": "2022-11-14T17:29:47.956Z",
      "question": 5,
      "text": "7",
      "is_correct": false
   }
},
{
   "model": "quiz.choice",
   "pk": 13,
   "fields": {
      "create_timestamp": "2022-11-14T17:30:35.397Z",
      "update_timestamp": "2022-11-14T17:30:35.397Z",
      "question": 6,
      "text": "5",
      "is_correct": false
   }
},
{
   "model": "quiz.choice",
   "pk": 14,
   "fields": {
      "create_timestamp": "2022-11-14T17:30:35.398Z",
      "update_timestamp": "2022-11-14T17:30:35.398Z",
      "question": 6,
      "text": "8",
      "is_correct": true
   }
},
{
   "model": "quiz.choice",
   "pk": 15,
   "fields": {
      "create_timestamp": "2022-11-14T17:30:35.398Z",
      "update_timestamp": "2022-11-14T17:30:35.398Z",
      "question": 6,
      "text": "7",
      "is_correct": false
   }
},
{
   "model": "quiz.choice",
   "pk": 16,
   "fields": {
      "create_timestamp": "2022-11-14T17:30:35.398Z",
      "update_timestamp": "2022-11-14T17:30:35.398Z",
      "question": 6,
      "text": "6",
      "is_correct": false
   }
},
{
   "model": "quiz.choice",
   "pk": 17,
   "fields": {
      "create_timestamp": "2022-11-14T17:31:32.673Z",
      "update_timestamp": "2022-11-14T17:31:32.673Z",
      "question": 8,
      "text": "7",
      "is_correct": false
   }
},
{
   "model": "quiz.choice",
   "pk": 18,
   "fields": {
      "create_timestamp": "2022-11-14T17:31:32.674Z",
      "update_timestamp": "2022-11-14T17:31:32.674Z",
      "question": 8,
      "text": "8",
      "is_correct": false
   }
},
{
   "model": "quiz.choice",
   "pk": 19,
   "fields": {
      "create_timestamp": "2022-11-14T17:31:32.674Z",
      "update_timestamp": "2022-11-14T17:31:32.674Z",
      "question": 8,
      "text": "9",
      "is_correct": false
   }
},
{
   "model": "quiz.choice",
   "pk": 20,
   "fields": {
      "create_timestamp": "2022-11-14T17:31:32.674Z",
      "update_timestamp": "2022-11-14T17:31:32.674Z",
      "question": 8,
      "text": "10",
      "is_correct": true
   }
},
{
   "model": "quiz.choice",
   "pk": 21,
   "fields": {
      "create_timestamp": "2022-11-14T17:31:57.409Z",
      "update_timestamp": "2022-11-14T17:31:57.409Z",
      "question": 9,
      "text": "10",
      "is_correct": false
   }
},
{
   "model": "quiz.choice",
   "pk": 22,
   "fields": {
      "create_timestamp": "2022-11-14T17:31:57.410Z",
      "update_timestamp": "2022-11-14T17:31:57.410Z",
      "question": 9,
      "text": "11",
      "is_correct": false
   }
},
{
   "model": "quiz.choice",
   "pk": 23,
   "fields": {
      "create_timestamp": "2022-11-14T17:31:57.411Z",
      "update_timestamp": "2022-11-14T17:31:57.411Z",
      "question": 9,
      "text": "12",
      "is_correct": true
   }
},
{
   "model": "quiz.choice",
   "pk": 24,
   "fields": {
      "create_timestamp": "2022-11-14T17:31:57.412Z",
      "update_timestamp": "2022-11-14T17:31:57.412Z",
      "question": 9,
      "text": "13",
      "is_correct": false
   }
},
{
   "model": "quiz.choice",
   "pk": 25,
   "fields": {
      "create_timestamp": "2022-11-14T17:32:14.866Z",
      "update_timestamp": "2022-11-14T17:32:14.866Z",
      "question": 10,
      "text": "12",
      "is_correct": false
   }
},
{
   "model": "quiz.choice",
   "pk": 26,
   "fields": {
      "create_timestamp": "2022-11-14T17:32:14.867Z",
      "update_timestamp": "2022-11-14T17:32:14.867Z",
      "question": 10,
      "text": "13",
      "is_correct": false
   }
},
{
   "model": "quiz.choice",
   "pk": 27,
   "fields": {
      "create_timestamp": "2022-11-14T17:32:14.867Z",
      "update_timestamp": "2022-11-14T17:32:14.867Z",
      "question": 10,
      "text": "14",
      "is_correct": true
   }
},
{
   "model": "quiz.choice",
   "pk": 28,
   "fields": {
      "create_timestamp": "2022-11-14T17:32:14.868Z",
      "update_timestamp": "2022-11-14T17:32:14.868Z",
      "question": 10,
      "text": "15",
      "is_correct": false
   }
},
{
   "model": "quiz.choice",
   "pk": 29,
   "fields": {
      "create_timestamp": "2022-11-14T17:32:30.096Z",
      "update_timestamp": "2022-11-14T17:32:30.096Z",
      "question": 11,
      "text": "15",
      "is_correct": false
   }
},
{
   "model": "quiz.choice",
   "pk": 30,
   "fields": {
      "create_timestamp": "2022-11-14T17:32:30.097Z",
      "update_timestamp": "2022-11-14T17:32:30.097Z",
      "question": 11,
      "text": "16",
      "is_correct": true
   }
},
{
   "model": "quiz.choice",
   "pk": 31,
   "fields": {
      "create_timestamp": "2022-11-14T17:32:30.097Z",
      "update_timestamp": "2022-11-14T17:32:30.097Z",
      "question": 11,
      "text": "17",
      "is_correct": false
   }
},
{
   "model": "quiz.choice",
   "pk": 32,
   "fields": {
      "create_timestamp": "2022-11-14T17:32:30.097Z",
      "update_timestamp": "2022-11-14T17:32:30.097Z",
      "question": 11,
      "text": "18",
      "is_correct": false
   }
},
{
   "model": "quiz.choice",
   "pk": 33,
   "fields": {
      "create_timestamp": "2022-11-14T17:32:59.872Z",
      "update_timestamp": "2022-11-14T17:33:07.376Z",
      "question": 12,
      "text": "18",
      "is_correct": true
   }
},
{
   "model": "quiz.choice",
   "pk": 34,
   "fields": {
      "create_timestamp": "2022-11-14T17:32:59.873Z",
      "update_timestamp": "2022-11-14T17:32:59.873Z",
      "question": 12,
      "text": "17",
      "is_correct": false
   }
},
{
   "model": "quiz.choice",
   "pk": 35,
   "fields": {
      "create_timestamp": "2022-11-14T17:32:59.873Z",
      "update_timestamp": "2022-11-14T17:33:07.377Z",
      "question": 12,
      "text": "16",
      "is_correct": false
   }
},
{
   "model": "quiz.choice",
   "pk": 36,
   "fields": {
      "create_timestamp": "2022-11-14T17:32:59.874Z",
      "update_timestamp": "2022-11-14T17:32:59.874Z",
      "question": 12,
      "text": "11",
      "is_correct": false
   }
},
{
   "model": "quiz.choice",
   "pk": 37,
   "fields": {
      "create_timestamp": "2022-11-14T17:33:30.058Z",
      "update_timestamp": "2022-11-14T17:33:30.058Z",
      "question": 13,
      "text": "20",
      "is_correct": true
   }
},
{
   "model": "quiz.choice",
   "pk": 38,
   "fields": {
      "create_timestamp": "2022-11-14T17:33:30.059Z",
      "update_timestamp": "2022-11-14T17:33:30.059Z",
      "question": 13,
      "text": "42",
      "is_correct": false
   }
},
{
   "model": "quiz.choice",
   "pk": 39,
   "fields": {
      "create_timestamp": "2022-11-14T17:33:30.059Z",
      "update_timestamp": "2022-11-14T17:33:30.059Z",
      "question": 13,
      "text": "10",
      "is_correct": false
   }
},
{
   "model": "quiz.choice",
   "pk": 40,
   "fields": {
      "create_timestamp": "2022-11-14T17:33:30.059Z",
      "update_timestamp": "2022-11-14T17:33:30.059Z",
      "question": 13,
      "text": "34",
      "is_correct": false
   }
},
{
   "model": "quiz.choice",
   "pk": 41,
   "fields": {
      "create_timestamp": "2022-11-14T17:35:31.649Z",
      "update_timestamp": "2022-11-14T17:35:31.649Z",
      "question": 14,
      "text": "1",
      "is_correct": true
   }
},
{
   "model": "quiz.choice",
   "pk": 42,
   "fields": {
      "create_timestamp": "2022-11-14T17:35:31.650Z",
      "update_timestamp": "2022-11-14T17:35:31.650Z",
      "question": 14,
      "text": "2",
      "is_correct": false
   }
},
{
   "model": "quiz.choice",
   "pk": 43,
   "fields": {
      "create_timestamp": "2022-11-14T17:35:31.650Z",
      "update_timestamp": "2022-11-14T17:35:31.650Z",
      "question": 14,
      "text": "3",
      "is_correct": false
   }
},
{
   "model": "quiz.choice",
   "pk": 44,
   "fields": {
      "create_timestamp": "2022-11-14T17:35:31.651Z",
      "update_timestamp": "2022-11-14T17:35:31.651Z",
      "question": 14,
      "text": "4",
      "is_correct": false
   }
},
{
   "model": "quiz.choice",
   "pk": 45,
   "fields": {
      "create_timestamp": "2022-11-14T17:35:46.936Z",
      "update_timestamp": "2022-11-14T17:35:46.937Z",
      "question": 15,
      "text": "4",
      "is_correct": true
   }
},
{
   "model": "quiz.choice",
   "pk": 46,
   "fields": {
      "create_timestamp": "2022-11-14T17:35:46.938Z",
      "update_timestamp": "2022-11-14T17:35:46.938Z",
      "question": 15,
      "text": "5",
      "is_correct": false
   }
},
{
   "model": "quiz.choice",
   "pk": 47,
   "fields": {
      "create_timestamp": "2022-11-14T17:35:46.938Z",
      "update_timestamp": "2022-11-14T17:35:46.938Z",
      "question": 15,
      "text": "6",
      "is_correct": false
   }
},
{
   "model": "quiz.choice",
   "pk": 48,
   "fields": {
      "create_timestamp": "2022-11-14T17:35:46.939Z",
      "update_timestamp": "2022-11-14T17:35:46.939Z",
      "question": 15,
      "text": "7",
      "is_correct": false
   }
},
{
   "model": "quiz.choice",
   "pk": 49,
   "fields": {
      "create_timestamp": "2022-11-14T17:36:01.094Z",
      "update_timestamp": "2022-11-14T17:36:01.094Z",
      "question": 16,
      "text": "8",
      "is_correct": false
   }
},
{
   "model": "quiz.choice",
   "pk": 50,
   "fields": {
      "create_timestamp": "2022-11-14T17:36:01.094Z",
      "update_timestamp": "2022-11-14T17:36:01.094Z",
      "question": 16,
      "text": "9",
      "is_correct": true
   }
},
{
   "model": "quiz.choice",
   "pk": 51,
   "fields": {
      "create_timestamp": "2022-11-14T17:36:01.095Z",
      "update_timestamp": "2022-11-14T17:36:01.095Z",
      "question": 16,
      "text": "10",
      "is_correct": false
   }
},
{
   "model": "quiz.choice",
   "pk": 52,
   "fields": {
      "create_timestamp": "2022-11-14T17:36:01.095Z",
      "update_timestamp": "2022-11-14T17:36:01.095Z",
      "question": 16,
      "text": "11",
      "is_correct": false
   }
},
{
   "model": "quiz.choice",
   "pk": 53,
   "fields": {
      "create_timestamp": "2022-11-14T17:36:28.400Z",
      "update_timestamp": "2022-11-14T17:36:28.400Z",
      "question": 17,
      "text": "14",
      "is_correct": false
   }
},
{
   "model": "quiz.choice",
   "pk": 54,
   "fields": {
      "create_timestamp": "2022-11-14T17:36:28.400Z",
      "update_timestamp": "2022-11-14T17:36:28.400Z",
      "question": 17,
      "text": "16",
      "is_correct": true
   }
},
{
   "model": "quiz.choice",
   "pk": 55,
   "fields": {
      "create_timestamp": "2022-11-14T17:36:28.401Z",
      "update_timestamp": "2022-11-14T17:36:28.401Z",
      "question": 17,
      "text": "12",
      "is_correct": false
   }
},
{
   "model": "quiz.choice",
   "pk": 56,
   "fields": {
      "create_timestamp": "2022-11-14T17:36:28.401Z",
      "update_timestamp": "2022-11-14T17:36:28.401Z",
      "question": 17,
      "text": "11",
      "is_correct": false
   }
},
{
   "model": "quiz.choice",
   "pk": 57,
   "fields": {
      "create_timestamp": "2022-11-14T17:36:47.462Z",
      "update_timestamp": "2022-11-14T17:36:47.462Z",
      "question": 18,
      "text": "23",
      "is_correct": false
   }
},
{
   "model": "quiz.choice",
   "pk": 58,
   "fields": {
      "create_timestamp": "2022-11-14T17:36:47.462Z",
      "update_timestamp": "2022-11-14T17:36:47.463Z",
      "question": 18,
      "text": "24",
      "is_correct": false
   }
},
{
   "model": "quiz.choice",
   "pk": 59,
   "fields": {
      "create_timestamp": "2022-11-14T17:36:47.463Z",
      "update_timestamp": "2022-11-14T17:36:47.463Z",
      "question": 18,
      "text": "25",
      "is_correct": true
   }
},
{
   "model": "quiz.choice",
   "pk": 60,
   "fields": {
      "create_timestamp": "2022-11-14T17:36:47.463Z",
      "update_timestamp": "2022-11-14T17:36:47.463Z",
      "question": 18,
      "text": "26",
      "is_correct": false
   }
},
{
   "model": "quiz.choice",
   "pk": 61,
   "fields": {
      "create_timestamp": "2022-11-14T17:37:09.168Z",
      "update_timestamp": "2022-11-14T17:37:09.168Z",
      "question": 19,
      "text": "34",
      "is_correct": false
   }
},
{
   "model": "quiz.choice",
   "pk": 62,
   "fields": {
      "create_timestamp": "2022-11-14T17:37:09.169Z",
      "update_timestamp": "2022-11-14T17:37:09.169Z",
      "question": 19,
      "text": "33",
      "is_correct": false
   }
},
{
   "model": "quiz.choice",
   "pk": 63,
   "fields": {
      "create_timestamp": "2022-11-14T17:37:09.169Z",
      "update_timestamp": "2022-11-14T17:37:09.169Z",
      "question": 19,
      "text": "35",
      "is_correct": false
   }
},
{
   "model": "quiz.choice",
   "pk": 64,
   "fields": {
      "create_timestamp": "2022-11-14T17:37:09.170Z",
      "update_timestamp": "2022-11-14T17:37:09.170Z",
      "question": 19,
      "text": "36",
      "is_correct": true
   }
},
{
   "model": "quiz.choice",
   "pk": 65,
   "fields": {
      "create_timestamp": "2022-11-14T17:37:48.302Z",
      "update_timestamp": "2022-11-14T17:37:48.302Z",
      "question": 20,
      "text": "49",
      "is_correct": true
   }
},
{
   "model": "quiz.choice",
   "pk": 66,
   "fields": {
      "create_timestamp": "2022-11-14T17:37:48.303Z",
      "update_timestamp": "2022-11-14T17:37:48.303Z",
      "question": 20,
      "text": "50",
      "is_correct": false
   }
},
{
   "model": "quiz.choice",
   "pk": 67,
   "fields": {
      "create_timestamp": "2022-11-14T17:37:48.303Z",
      "update_timestamp": "2022-11-14T17:37:48.303Z",
      "question": 20,
      "text": "51",
      "is_correct": false
   }
},
{
   "model": "quiz.choice",
   "pk": 68,
   "fields": {
      "create_timestamp": "2022-11-14T17:37:48.304Z",
      "update_timestamp": "2022-11-14T17:37:48.304Z",
      "question": 20,
      "text": "55",
      "is_correct": false
   }
},
{
   "model": "quiz.choice",
   "pk": 69,
   "fields": {
      "create_timestamp": "2022-11-14T17:38:43.478Z",
      "update_timestamp": "2022-11-14T17:38:43.478Z",
      "question": 21,
      "text": "70",
      "is_correct": false
   }
},
{
   "model": "quiz.choice",
   "pk": 70,
   "fields": {
      "create_timestamp": "2022-11-14T17:38:43.478Z",
      "update_timestamp": "2022-11-14T17:38:43.478Z",
      "question": 21,
      "text": "64",
      "is_correct": true
   }
},
{
   "model": "quiz.choice",
   "pk": 71,
   "fields": {
      "create_timestamp": "2022-11-14T17:38:43.479Z",
      "update_timestamp": "2022-11-14T17:38:43.479Z",
      "question": 21,
      "text": "65",
      "is_correct": false
   }
},
{
   "model": "quiz.choice",
   "pk": 72,
   "fields": {
      "create_timestamp": "2022-11-14T17:38:43.480Z",
      "update_timestamp": "2022-11-14T17:38:43.480Z",
      "question": 21,
      "text": "32",
      "is_correct": false
   }
},
{
   "model": "quiz.choice",
   "pk": 73,
   "fields": {
      "create_timestamp": "2022-11-14T17:39:01.095Z",
      "update_timestamp": "2022-11-14T17:39:01.095Z",
      "question": 22,
      "text": "81",
      "is_correct": true
   }
},
{
   "model": "quiz.choice",
   "pk": 74,
   "fields": {
      "create_timestamp": "2022-11-14T17:39:01.095Z",
      "update_timestamp": "2022-11-14T17:39:01.095Z",
      "question": 22,
      "text": "82",
      "is_correct": false
   }
},
{
   "model": "quiz.choice",
   "pk": 75,
   "fields": {
      "create_timestamp": "2022-11-14T17:39:01.096Z",
      "update_timestamp": "2022-11-14T17:39:01.096Z",
      "question": 22,
      "text": "78",
      "is_correct": false
   }
},
{
   "model": "quiz.choice",
   "pk": 76,
   "fields": {
      "create_timestamp": "2022-11-14T17:39:01.096Z",
      "update_timestamp": "2022-11-14T17:39:01.096Z",
      "question": 22,
      "text": "56",
      "is_correct": false
   }
},
{
   "model": "quiz.choice",
   "pk": 77,
   "fields": {
      "create_timestamp": "2022-11-14T17:39:22.932Z",
      "update_timestamp": "2022-11-14T17:39:22.932Z",
      "question": 23,
      "text": "1000",
      "is_correct": false
   }
},
{
   "model": "quiz.choice",
   "pk": 78,
   "fields": {
      "create_timestamp": "2022-11-14T17:39:22.932Z",
      "update_timestamp": "2022-11-14T17:39:22.932Z",
      "question": 23,
      "text": "10",
      "is_correct": false
   }
},
{
   "model": "quiz.choice",
   "pk": 79,
   "fields": {
      "create_timestamp": "2022-11-14T17:39:22.933Z",
      "update_timestamp": "2022-11-14T17:39:22.933Z",
      "question": 23,
      "text": "100",
      "is_correct": true
   }
},
{
   "model": "quiz.choice",
   "pk": 80,
   "fields": {
      "create_timestamp": "2022-11-14T17:39:22.933Z",
      "update_timestamp": "2022-11-14T17:39:22.933Z",
      "question": 23,
      "text": "20",
      "is_correct": false
   }
}
]
